Id de pago;fecha;Responsable de pago;Valor;Medio de pago
107433442800;05/01/2024;SN-4001;15000;efectivo
117433442919;06/02/2024;SN-4001;15000;efectivo
127433444038;03/03/2024;SN-4001;15000;efectivo
129433445157;09/04/2024;SN-4001;15000;efectivo
129533445276;04/05/2024;SN-4001;15000;efectivo
139533445395;03/06/2024;SN-4001;15000;efectivo
149533446514;01/07/2024;SN-4001;20000;efectivo
149533446634;02/08/2024;SN-4001;20000;efectivo
149533446754;13/09/2024;SN-4001;22000;efectivo
169533546873;15/10/2024;SN-4001;22000;efectivo
189533546992;22/11/2024;SN-4001;22000;efectivo
199533547072;13/12/2024;SN-4001;22000;efectivo
107433442873;05/01/2024;SN-4002;15000;efectivo
117433442992;06/02/2024;SN-4002;15000;efectivo
127433444111;03/03/2024;SN-4002;15000;efectivo
129433445230;09/04/2024;SN-4002;15000;efectivo
129533445349;04/05/2024;SN-4002;15000;efectivo
139533445468;03/06/2024;SN-4002;15000;efectivo
149533446587;01/07/2024;SN-4002;20000;efectivo
149533446707;02/08/2024;SN-4002;20000;efectivo
149533446827;03/09/2024;SN-4002;20000;efectivo
169533546946;05/10/2024;SN-4002;20000;efectivo
189533547065;02/11/2024;SN-4002;20000;efectivo
199533547145;03/12/2024;SN-4002;20000;efectivo
107433442885;05/01/2024;SN-4003;15000;efectivo
117433443004;06/02/2024;SN-4003;15000;efectivo
127433444123;03/03/2024;SN-4003;15000;efectivo
129433445242;09/04/2024;SN-4003;15000;efectivo
129533445361;04/05/2024;SN-4003;15000;efectivo
139533445480;03/06/2024;SN-4003;15000;efectivo
149533446599;01/07/2024;SN-4003;20000;efectivo
149533446719;02/08/2024;SN-4003;20000;efectivo
149533446839;03/09/2024;SN-4003;20000;efectivo
169533546958;05/10/2024;SN-4003;20000;efectivo
189533547077;02/11/2024;SN-4003;20000;efectivo
199533547157;03/12/2024;SN-4003;20000;efectivo
107433442796;05/01/2024;SN-4004;15000;efectivo
117433442915;06/02/2024;SN-4004;15000;efectivo
127433444034;03/03/2024;SN-4004;15000;efectivo
129433445153;09/04/2024;SN-4004;15000;efectivo
129533445272;04/05/2024;SN-4004;15000;efectivo
139533445391;03/06/2024;SN-4004;15000;efectivo
149533446510;01/07/2024;SN-4004;20000;efectivo
149533446630;02/08/2024;SN-4004;20000;efectivo
149533446750;03/09/2024;SN-4004;20000;efectivo
169533546869;05/10/2024;SN-4004;20000;efectivo
189533546988;02/11/2024;SN-4004;20000;efectivo
199533547068;03/12/2024;SN-4004;20000;efectivo
107433442861;05/01/2024;SN-4005;15000;efectivo
117433442980;06/02/2024;SN-4005;15000;efectivo
127433444099;03/03/2024;SN-4005;15000;efectivo
129433445218;09/04/2024;SN-4005;15000;efectivo
129533445337;04/05/2024;SN-4005;15000;efectivo
139533445456;03/06/2024;SN-4005;15000;efectivo
149533446575;01/07/2024;SN-4005;20000;efectivo
149533446695;02/08/2024;SN-4005;20000;efectivo
149533446815;03/09/2024;SN-4005;20000;efectivo
169533546934;05/10/2024;SN-4005;20000;efectivo
189533547053;02/11/2024;SN-4005;20000;efectivo
199533547133;03/12/2024;SN-4005;20000;efectivo
107433442819;05/01/2024;SN-4006;15000;efectivo
117433442938;06/02/2024;SN-4006;15000;efectivo
127433444057;03/03/2024;SN-4006;15000;efectivo
129433445176;09/04/2024;SN-4006;15000;efectivo
129533445295;04/05/2024;SN-4006;15000;efectivo
139533445414;03/06/2024;SN-4006;15000;efectivo
149533446533;01/07/2024;SN-4006;20000;efectivo
149533446653;02/08/2024;SN-4006;20000;efectivo
149533446773;13/09/2024;SN-4006;22000;efectivo
169533546892;15/10/2024;SN-4006;22000;efectivo
189533547011;22/11/2024;SN-4006;22000;efectivo
199533547091;13/12/2024;SN-4006;22000;efectivo
107433442814;05/01/2024;SN-4007;15000;efectivo
117433442933;06/02/2024;SN-4007;15000;efectivo
127433444052;03/03/2024;SN-4007;15000;efectivo
129433445171;09/04/2024;SN-4007;15000;efectivo
129533445290;04/05/2024;SN-4007;15000;efectivo
139533445409;03/06/2024;SN-4007;15000;efectivo
149533446528;01/07/2024;SN-4007;20000;efectivo
149533446648;02/08/2024;SN-4007;20000;efectivo
149533446768;03/09/2024;SN-4007;20000;efectivo
169533546887;05/10/2024;SN-4007;20000;efectivo
189533547006;02/11/2024;SN-4007;20000;efectivo
199533547086;03/12/2024;SN-4007;20000;efectivo
107433442866;05/01/2024;SN-4008;15000;efectivo
117433442985;06/02/2024;SN-4008;15000;efectivo
127433444104;03/03/2024;SN-4008;15000;efectivo
129433445223;09/04/2024;SN-4008;15000;efectivo
129533445342;04/05/2024;SN-4008;15000;efectivo
139533445461;03/06/2024;SN-4008;15000;efectivo
149533446580;01/07/2024;SN-4008;20000;efectivo
149533446700;02/08/2024;SN-4008;20000;efectivo
149533446820;03/09/2024;SN-4008;20000;efectivo
169533546939;05/10/2024;SN-4008;20000;efectivo
189533547058;02/11/2024;SN-4008;20000;efectivo
199533547138;03/12/2024;SN-4008;20000;efectivo
107433442864;05/01/2024;SN-4009;15000;efectivo
117433442983;06/02/2024;SN-4009;15000;efectivo
127433444102;03/03/2024;SN-4009;15000;efectivo
129433445221;09/04/2024;SN-4009;15000;efectivo
129533445340;04/05/2024;SN-4009;15000;efectivo
139533445459;03/06/2024;SN-4009;15000;efectivo
149533446578;01/07/2024;SN-4009;20000;efectivo
149533446698;02/08/2024;SN-4009;20000;efectivo
149533446818;03/09/2024;SN-4009;20000;efectivo
169533546937;05/10/2024;SN-4009;20000;efectivo
189533547056;02/11/2024;SN-4009;20000;efectivo
199533547136;03/12/2024;SN-4009;20000;efectivo
107433442823;05/01/2024;SN-4010;15000;efectivo
117433442942;06/02/2024;SN-4010;15000;efectivo
127433444061;03/03/2024;SN-4010;15000;efectivo
129433445180;09/04/2024;SN-4010;15000;efectivo
129533445299;04/05/2024;SN-4010;15000;efectivo
139533445418;03/06/2024;SN-4010;15000;efectivo
149533446537;01/07/2024;SN-4010;20000;efectivo
149533446657;02/08/2024;SN-4010;20000;efectivo
149533446777;03/09/2024;SN-4010;20000;efectivo
169533546896;05/10/2024;SN-4010;20000;efectivo
189533547015;02/11/2024;SN-4010;20000;efectivo
199533547095;03/12/2024;SN-4010;20000;efectivo
107433442820;05/01/2024;SN-4011;15000;efectivo
117433442939;06/02/2024;SN-4011;15000;efectivo
127433444058;03/03/2024;SN-4011;15000;efectivo
129433445177;09/04/2024;SN-4011;15000;efectivo
129533445296;04/05/2024;SN-4011;15000;efectivo
139533445415;03/06/2024;SN-4011;15000;efectivo
149533446534;01/07/2024;SN-4011;20000;efectivo
149533446654;02/08/2024;SN-4011;20000;efectivo
149533446774;03/09/2024;SN-4011;20000;efectivo
169533546893;05/10/2024;SN-4011;20000;efectivo
189533547012;02/11/2024;SN-4011;20000;efectivo
199533547092;03/12/2024;SN-4011;20000;efectivo
107433442810;05/01/2024;SN-4012;15000;efectivo
117433442929;06/02/2024;SN-4012;15000;efectivo
127433444048;03/03/2024;SN-4012;15000;efectivo
129433445167;09/04/2024;SN-4012;15000;efectivo
129533445286;04/05/2024;SN-4012;15000;efectivo
139533445405;03/06/2024;SN-4012;15000;efectivo
149533446524;01/07/2024;SN-4012;20000;efectivo
149533446644;02/08/2024;SN-4012;20000;efectivo
149533446764;03/09/2024;SN-4012;20000;efectivo
169533546883;05/10/2024;SN-4012;20000;efectivo
189533547002;02/11/2024;SN-4012;20000;efectivo
199533547082;03/12/2024;SN-4012;20000;efectivo
107433442874;05/01/2024;SN-4013;15000;efectivo
117433442993;06/02/2024;SN-4013;15000;efectivo
127433444112;03/03/2024;SN-4013;15000;efectivo
129433445231;09/04/2024;SN-4013;15000;efectivo
129533445350;04/05/2024;SN-4013;15000;efectivo
139533445469;03/06/2024;SN-4013;15000;efectivo
149533446588;01/07/2024;SN-4013;20000;efectivo
149533446708;02/08/2024;SN-4013;20000;efectivo
149533446828;03/09/2024;SN-4013;20000;efectivo
169533546947;05/10/2024;SN-4013;20000;efectivo
189533547066;02/11/2024;SN-4013;20000;efectivo
199533547146;03/12/2024;SN-4013;20000;efectivo
107433442867;05/01/2024;SN-4014;15000;efectivo
117433442986;06/02/2024;SN-4014;15000;efectivo
127433444105;03/03/2024;SN-4014;15000;efectivo
129433445224;09/04/2024;SN-4014;15000;efectivo
129533445343;04/05/2024;SN-4014;15000;efectivo
139533445462;03/06/2024;SN-4014;15000;efectivo
149533446581;01/07/2024;SN-4014;20000;efectivo
149533446701;02/08/2024;SN-4014;20000;efectivo
149533446821;03/09/2024;SN-4014;20000;efectivo
169533546940;05/10/2024;SN-4014;20000;efectivo
189533547059;02/11/2024;SN-4014;20000;efectivo
199533547139;03/12/2024;SN-4014;20000;efectivo
107433442852;05/01/2024;SN-4015;15000;efectivo
117433442971;06/02/2024;SN-4015;15000;efectivo
127433444090;03/03/2024;SN-4015;15000;efectivo
129433445209;09/04/2024;SN-4015;15000;efectivo
129533445328;04/05/2024;SN-4015;15000;efectivo
139533445447;03/06/2024;SN-4015;15000;efectivo
149533446566;01/07/2024;SN-4015;20000;efectivo
149533446686;02/08/2024;SN-4015;20000;efectivo
149533446806;13/09/2024;SN-4015;22000;efectivo
169533546925;15/10/2024;SN-4015;22000;efectivo
189533547044;22/11/2024;SN-4015;22000;efectivo
199533547124;13/12/2024;SN-4015;22000;efectivo
107433442889;05/01/2024;SN-4016;15000;efectivo
117433443008;06/02/2024;SN-4016;15000;efectivo
127433444127;03/03/2024;SN-4016;15000;efectivo
129433445246;09/04/2024;SN-4016;15000;efectivo
129533445365;04/05/2024;SN-4016;15000;efectivo
139533445484;03/06/2024;SN-4016;15000;efectivo
149533446603;01/07/2024;SN-4016;20000;efectivo
149533446723;02/08/2024;SN-4016;20000;efectivo
149533446843;03/09/2024;SN-4016;20000;efectivo
169533546962;05/10/2024;SN-4016;20000;efectivo
189533547081;02/11/2024;SN-4016;20000;efectivo
199533547161;03/12/2024;SN-4016;20000;efectivo
107433442902;05/01/2024;SN-4017;15000;efectivo
117433443021;06/02/2024;SN-4017;15000;efectivo
127433444140;03/03/2024;SN-4017;15000;efectivo
129433445259;09/04/2024;SN-4017;15000;efectivo
129533445378;04/05/2024;SN-4017;15000;efectivo
139533445497;03/06/2024;SN-4017;15000;efectivo
149533446616;01/07/2024;SN-4017;20000;efectivo
149533446736;02/08/2024;SN-4017;20000;efectivo
149533446856;03/09/2024;SN-4017;20000;efectivo
169533546975;05/10/2024;SN-4017;20000;efectivo
189533547094;02/11/2024;SN-4017;20000;efectivo
199533547174;03/12/2024;SN-4017;20000;efectivo
107433442842;05/01/2024;SN-4018;15000;efectivo
117433442961;06/02/2024;SN-4018;15000;efectivo
127433444080;03/03/2024;SN-4018;15000;efectivo
129433445199;09/04/2024;SN-4018;15000;efectivo
129533445318;04/05/2024;SN-4018;15000;efectivo
139533445437;03/06/2024;SN-4018;15000;efectivo
149533446556;01/07/2024;SN-4018;20000;efectivo
149533446676;02/08/2024;SN-4018;20000;efectivo
149533446796;13/09/2024;SN-4018;22000;efectivo
169533546915;15/10/2024;SN-4018;22000;efectivo
189533547034;22/11/2024;SN-4018;22000;efectivo
199533547114;13/12/2024;SN-4018;22000;efectivo
107433442875;05/01/2024;SN-4019;15000;efectivo
117433442994;06/02/2024;SN-4019;15000;efectivo
127433444113;03/03/2024;SN-4019;15000;efectivo
129433445232;09/04/2024;SN-4019;15000;efectivo
129533445351;04/05/2024;SN-4019;15000;efectivo
139533445470;03/06/2024;SN-4019;15000;efectivo
149533446589;01/07/2024;SN-4019;20000;efectivo
149533446709;02/08/2024;SN-4019;20000;efectivo
149533446829;03/09/2024;SN-4019;20000;efectivo
169533546948;05/10/2024;SN-4019;20000;efectivo
189533547067;02/11/2024;SN-4019;20000;efectivo
199533547147;03/12/2024;SN-4019;20000;efectivo
107433442804;05/01/2024;SN-4020;15000;efectivo
117433442923;06/02/2024;SN-4020;15000;efectivo
127433444042;03/03/2024;SN-4020;15000;efectivo
129433445161;09/04/2024;SN-4020;15000;efectivo
129533445280;04/05/2024;SN-4020;15000;efectivo
139533445399;03/06/2024;SN-4020;15000;efectivo
149533446518;01/07/2024;SN-4020;20000;efectivo
149533446638;02/08/2024;SN-4020;20000;efectivo
149533446758;03/09/2024;SN-4020;20000;efectivo
169533546877;05/10/2024;SN-4020;20000;efectivo
189533546996;02/11/2024;SN-4020;20000;efectivo
199533547076;03/12/2024;SN-4020;20000;efectivo
107433442811;05/01/2024;SN-4021;15000;efectivo
117433442930;06/02/2024;SN-4021;15000;efectivo
127433444049;03/03/2024;SN-4021;15000;efectivo
129433445168;09/04/2024;SN-4021;15000;efectivo
129533445287;04/05/2024;SN-4021;15000;efectivo
139533445406;03/06/2024;SN-4021;15000;efectivo
149533446525;01/07/2024;SN-4021;20000;efectivo
149533446645;02/08/2024;SN-4021;20000;efectivo
149533446765;03/09/2024;SN-4021;20000;efectivo
169533546884;05/10/2024;SN-4021;20000;efectivo
189533547003;02/11/2024;SN-4021;20000;efectivo
199533547083;03/12/2024;SN-4021;20000;efectivo
107433442825;05/01/2024;SN-4022;15000;efectivo
117433442944;06/02/2024;SN-4022;15000;efectivo
127433444063;03/03/2024;SN-4022;15000;efectivo
129433445182;09/04/2024;SN-4022;15000;efectivo
129533445301;04/05/2024;SN-4022;15000;efectivo
139533445420;03/06/2024;SN-4022;15000;efectivo
149533446539;01/07/2024;SN-4022;20000;efectivo
149533446659;02/08/2024;SN-4022;20000;efectivo
149533446779;13/09/2024;SN-4022;22000;efectivo
169533546898;15/10/2024;SN-4022;22000;efectivo
189533547017;22/11/2024;SN-4022;22000;efectivo
199533547097;13/12/2024;SN-4022;22000;efectivo
107433442843;05/01/2024;SN-4023;15000;efectivo
117433442962;06/02/2024;SN-4023;15000;efectivo
127433444081;03/03/2024;SN-4023;15000;efectivo
129433445200;09/04/2024;SN-4023;15000;efectivo
129533445319;04/05/2024;SN-4023;15000;efectivo
139533445438;03/06/2024;SN-4023;15000;efectivo
149533446557;01/07/2024;SN-4023;20000;efectivo
149533446677;02/08/2024;SN-4023;20000;efectivo
149533446797;03/09/2024;SN-4023;20000;efectivo
169533546916;05/10/2024;SN-4023;20000;efectivo
189533547035;02/11/2024;SN-4023;20000;efectivo
199533547115;03/12/2024;SN-4023;20000;efectivo
107433442899;05/01/2024;SN-4024;15000;efectivo
117433443018;06/02/2024;SN-4024;15000;efectivo
127433444137;03/03/2024;SN-4024;15000;efectivo
129433445256;09/04/2024;SN-4024;15000;efectivo
129533445375;04/05/2024;SN-4024;15000;efectivo
139533445494;03/06/2024;SN-4024;15000;efectivo
149533446613;01/07/2024;SN-4024;20000;efectivo
149533446733;02/08/2024;SN-4024;20000;efectivo
149533446853;03/09/2024;SN-4024;20000;efectivo
169533546972;05/10/2024;SN-4024;20000;efectivo
189533547091;02/11/2024;SN-4024;20000;efectivo
199533547171;03/12/2024;SN-4024;20000;efectivo
107433442827;05/01/2024;SN-4025;15000;efectivo
117433442946;06/02/2024;SN-4025;15000;efectivo
127433444065;03/03/2024;SN-4025;15000;efectivo
129433445184;09/04/2024;SN-4025;15000;efectivo
129533445303;04/05/2024;SN-4025;15000;efectivo
139533445422;03/06/2024;SN-4025;15000;efectivo
149533446541;01/07/2024;SN-4025;20000;efectivo
149533446661;02/08/2024;SN-4025;20000;efectivo
149533446781;03/09/2024;SN-4025;20000;efectivo
169533546900;05/10/2024;SN-4025;20000;efectivo
189533547019;02/11/2024;SN-4025;20000;efectivo
199533547099;03/12/2024;SN-4025;20000;efectivo
107433442833;05/01/2024;SN-4026;15000;efectivo
117433442952;06/02/2024;SN-4026;15000;efectivo
127433444071;03/03/2024;SN-4026;15000;efectivo
129433445190;09/04/2024;SN-4026;15000;efectivo
129533445309;04/05/2024;SN-4026;15000;efectivo
139533445428;03/06/2024;SN-4026;15000;efectivo
149533446547;01/07/2024;SN-4026;20000;efectivo
149533446667;02/08/2024;SN-4026;20000;efectivo
149533446787;13/09/2024;SN-4026;22000;efectivo
169533546906;15/10/2024;SN-4026;22000;efectivo
189533547025;22/11/2024;SN-4026;22000;efectivo
199533547105;13/12/2024;SN-4026;22000;efectivo
107433442900;05/01/2024;SN-4027;15000;efectivo
117433443019;06/02/2024;SN-4027;15000;efectivo
127433444138;03/03/2024;SN-4027;15000;efectivo
129433445257;09/04/2024;SN-4027;15000;efectivo
129533445376;04/05/2024;SN-4027;15000;efectivo
139533445495;03/06/2024;SN-4027;15000;efectivo
149533446614;01/07/2024;SN-4027;20000;efectivo
149533446734;02/08/2024;SN-4027;20000;efectivo
149533446854;03/09/2024;SN-4027;20000;efectivo
169533546973;05/10/2024;SN-4027;20000;efectivo
189533547092;02/11/2024;SN-4027;20000;efectivo
199533547172;03/12/2024;SN-4027;20000;efectivo
107433442786;05/01/2024;SN-4028;15000;efectivo
117433442905;06/02/2024;SN-4028;15000;efectivo
127433444024;03/03/2024;SN-4028;15000;efectivo
129433445143;09/04/2024;SN-4028;15000;efectivo
129533445262;04/05/2024;SN-4028;15000;efectivo
139533445381;03/06/2024;SN-4028;15000;efectivo
149533446500;01/07/2024;SN-4028;20000;efectivo
149533446620;02/08/2024;SN-4028;20000;efectivo
149533446740;03/09/2024;SN-4028;20000;efectivo
169533546859;05/10/2024;SN-4028;20000;efectivo
189533546978;02/11/2024;SN-4028;20000;efectivo
199533547058;03/12/2024;SN-4028;20000;efectivo
107433442840;05/01/2024;SN-4029;15000;efectivo
117433442959;06/02/2024;SN-4029;15000;efectivo
127433444078;03/03/2024;SN-4029;15000;efectivo
129433445197;09/04/2024;SN-4029;15000;efectivo
129533445316;04/05/2024;SN-4029;15000;efectivo
139533445435;03/06/2024;SN-4029;15000;efectivo
149533446554;01/07/2024;SN-4029;20000;efectivo
149533446674;02/08/2024;SN-4029;20000;efectivo
149533446794;03/09/2024;SN-4029;20000;efectivo
169533546913;05/10/2024;SN-4029;20000;efectivo
189533547032;02/11/2024;SN-4029;20000;efectivo
199533547112;03/12/2024;SN-4029;20000;efectivo
107433442787;05/01/2024;SN-4030;15000;efectivo
117433442906;06/02/2024;SN-4030;15000;efectivo
127433444025;03/03/2024;SN-4030;15000;efectivo
129433445144;09/04/2024;SN-4030;15000;efectivo
129533445263;04/05/2024;SN-4030;15000;efectivo
139533445382;03/06/2024;SN-4030;15000;efectivo
149533446501;01/07/2024;SN-4030;20000;efectivo
149533446621;02/08/2024;SN-4030;20000;efectivo
149533446741;03/09/2024;SN-4030;20000;efectivo
169533546860;05/10/2024;SN-4030;20000;efectivo
189533546979;02/11/2024;SN-4030;20000;efectivo
199533547059;03/12/2024;SN-4030;20000;efectivo
107433442890;05/01/2024;SN-4031;15000;efectivo
117433443009;06/02/2024;SN-4031;15000;efectivo
127433444128;03/03/2024;SN-4031;15000;efectivo
129433445247;09/04/2024;SN-4031;15000;efectivo
129533445366;04/05/2024;SN-4031;15000;efectivo
139533445485;03/06/2024;SN-4031;15000;efectivo
149533446604;01/07/2024;SN-4031;20000;efectivo
149533446724;02/08/2024;SN-4031;20000;efectivo
149533446844;03/09/2024;SN-4031;20000;efectivo
169533546963;05/10/2024;SN-4031;20000;efectivo
189533547082;02/11/2024;SN-4031;20000;efectivo
199533547162;03/12/2024;SN-4031;20000;efectivo
107433442860;05/01/2024;SN-4032;15000;efectivo
117433442979;06/02/2024;SN-4032;15000;efectivo
127433444098;03/03/2024;SN-4032;15000;efectivo
129433445217;09/04/2024;SN-4032;15000;efectivo
129533445336;04/05/2024;SN-4032;15000;efectivo
139533445455;03/06/2024;SN-4032;15000;efectivo
149533446574;01/07/2024;SN-4032;20000;efectivo
149533446694;02/08/2024;SN-4032;20000;efectivo
149533446814;03/09/2024;SN-4032;20000;efectivo
169533546933;05/10/2024;SN-4032;20000;efectivo
189533547052;02/11/2024;SN-4032;20000;efectivo
199533547132;03/12/2024;SN-4032;20000;efectivo
107433442865;05/01/2024;SN-4033;15000;efectivo
117433442984;06/02/2024;SN-4033;15000;efectivo
127433444103;03/03/2024;SN-4033;15000;efectivo
129433445222;09/04/2024;SN-4033;15000;efectivo
129533445341;04/05/2024;SN-4033;15000;efectivo
139533445460;03/06/2024;SN-4033;15000;efectivo
149533446579;01/07/2024;SN-4033;20000;efectivo
149533446699;02/08/2024;SN-4033;20000;efectivo
149533446819;03/09/2024;SN-4033;20000;efectivo
169533546938;05/10/2024;SN-4033;20000;efectivo
189533547057;02/11/2024;SN-4033;20000;efectivo
199533547137;03/12/2024;SN-4033;20000;efectivo
107433442794;05/01/2024;SN-4034;15000;efectivo
117433442913;06/02/2024;SN-4034;15000;efectivo
127433444032;03/03/2024;SN-4034;15000;efectivo
129433445151;09/04/2024;SN-4034;15000;efectivo
129533445270;04/05/2024;SN-4034;15000;efectivo
139533445389;03/06/2024;SN-4034;15000;efectivo
149533446508;01/07/2024;SN-4034;20000;efectivo
149533446628;02/08/2024;SN-4034;20000;efectivo
149533446748;03/09/2024;SN-4034;20000;efectivo
169533546867;05/10/2024;SN-4034;20000;efectivo
189533546986;02/11/2024;SN-4034;20000;efectivo
199533547066;03/12/2024;SN-4034;20000;efectivo
107433442862;05/01/2024;SN-4035;15000;efectivo
117433442981;06/02/2024;SN-4035;15000;efectivo
127433444100;03/03/2024;SN-4035;15000;efectivo
129433445219;09/04/2024;SN-4035;15000;efectivo
129533445338;04/05/2024;SN-4035;15000;efectivo
139533445457;03/06/2024;SN-4035;15000;efectivo
149533446576;01/07/2024;SN-4035;20000;efectivo
149533446696;02/08/2024;SN-4035;20000;efectivo
149533446816;03/09/2024;SN-4035;20000;efectivo
169533546935;05/10/2024;SN-4035;20000;efectivo
189533547054;02/11/2024;SN-4035;20000;efectivo
199533547134;03/12/2024;SN-4035;20000;efectivo
107433442845;05/01/2024;SN-4036;15000;efectivo
117433442964;06/02/2024;SN-4036;15000;efectivo
127433444083;03/03/2024;SN-4036;15000;efectivo
129433445202;09/04/2024;SN-4036;15000;efectivo
129533445321;04/05/2024;SN-4036;15000;efectivo
139533445440;03/06/2024;SN-4036;15000;efectivo
149533446559;01/07/2024;SN-4036;20000;efectivo
149533446679;02/08/2024;SN-4036;20000;efectivo
149533446799;03/09/2024;SN-4036;20000;efectivo
169533546918;05/10/2024;SN-4036;20000;efectivo
189533547037;02/11/2024;SN-4036;20000;efectivo
199533547117;03/12/2024;SN-4036;20000;efectivo
107433442846;05/01/2024;SN-4037;15000;efectivo
117433442965;06/02/2024;SN-4037;15000;efectivo
127433444084;03/03/2024;SN-4037;15000;efectivo
129433445203;09/04/2024;SN-4037;15000;efectivo
129533445322;04/05/2024;SN-4037;15000;efectivo
139533445441;03/06/2024;SN-4037;15000;efectivo
149533446560;01/07/2024;SN-4037;20000;efectivo
149533446680;02/08/2024;SN-4037;20000;efectivo
149533446800;03/09/2024;SN-4037;20000;efectivo
169533546919;05/10/2024;SN-4037;20000;efectivo
189533547038;02/11/2024;SN-4037;20000;efectivo
199533547118;03/12/2024;SN-4037;20000;efectivo
107433442848;05/01/2024;SN-4038;15000;efectivo
117433442967;06/02/2024;SN-4038;15000;efectivo
127433444086;03/03/2024;SN-4038;15000;efectivo
129433445205;09/04/2024;SN-4038;15000;efectivo
129533445324;04/05/2024;SN-4038;15000;efectivo
139533445443;03/06/2024;SN-4038;15000;efectivo
149533446562;01/07/2024;SN-4038;20000;efectivo
149533446682;02/08/2024;SN-4038;20000;efectivo
149533446802;13/09/2024;SN-4038;22000;efectivo
169533546921;15/10/2024;SN-4038;22000;efectivo
189533547040;22/11/2024;SN-4038;22000;efectivo
199533547120;13/12/2024;SN-4038;22000;efectivo
107433442839;05/01/2024;SN-4039;15000;efectivo
117433442958;06/02/2024;SN-4039;15000;efectivo
127433444077;03/03/2024;SN-4039;15000;efectivo
129433445196;09/04/2024;SN-4039;15000;efectivo
129533445315;04/05/2024;SN-4039;15000;efectivo
139533445434;03/06/2024;SN-4039;15000;efectivo
149533446553;01/07/2024;SN-4039;20000;efectivo
149533446673;02/08/2024;SN-4039;20000;efectivo
149533446793;03/09/2024;SN-4039;20000;efectivo
169533546912;05/10/2024;SN-4039;20000;efectivo
189533547031;02/11/2024;SN-4039;20000;efectivo
199533547111;03/12/2024;SN-4039;20000;efectivo
107433442884;05/01/2024;SN-4040;15000;efectivo
117433443003;06/02/2024;SN-4040;15000;efectivo
127433444122;03/03/2024;SN-4040;15000;efectivo
129433445241;09/04/2024;SN-4040;15000;efectivo
129533445360;04/05/2024;SN-4040;15000;efectivo
139533445479;03/06/2024;SN-4040;15000;efectivo
149533446598;01/07/2024;SN-4040;20000;efectivo
149533446718;02/08/2024;SN-4040;20000;efectivo
149533446838;03/09/2024;SN-4040;20000;efectivo
169533546957;05/10/2024;SN-4040;20000;efectivo
189533547076;02/11/2024;SN-4040;20000;efectivo
199533547156;03/12/2024;SN-4040;20000;efectivo
107433442869;05/01/2024;SN-4041;15000;efectivo
117433442988;06/02/2024;SN-4041;15000;efectivo
127433444107;03/03/2024;SN-4041;15000;efectivo
129433445226;09/04/2024;SN-4041;15000;efectivo
129533445345;04/05/2024;SN-4041;15000;efectivo
139533445464;03/06/2024;SN-4041;15000;efectivo
149533446583;01/07/2024;SN-4041;20000;efectivo
149533446703;02/08/2024;SN-4041;20000;efectivo
149533446823;13/09/2024;SN-4041;22000;efectivo
169533546942;15/10/2024;SN-4041;22000;efectivo
189533547061;22/11/2024;SN-4041;22000;efectivo
199533547141;13/12/2024;SN-4041;22000;efectivo
107433442905;05/01/2024;SN-4042;15000;efectivo
117433443024;06/02/2024;SN-4042;15000;efectivo
127433444143;03/03/2024;SN-4042;15000;efectivo
129433445262;09/04/2024;SN-4042;15000;efectivo
129533445381;04/05/2024;SN-4042;15000;efectivo
139533445500;03/06/2024;SN-4042;15000;efectivo
149533446619;01/07/2024;SN-4042;20000;efectivo
149533446739;02/08/2024;SN-4042;20000;efectivo
149533446859;03/09/2024;SN-4042;20000;efectivo
169533546978;05/10/2024;SN-4042;20000;efectivo
199533547057;02/11/2024;SN-4042;20000;efectivo
199533547177;03/12/2024;SN-4042;20000;efectivo
107433442901;05/01/2024;SN-4043;15000;efectivo
117433443020;06/02/2024;SN-4043;15000;efectivo
127433444139;03/03/2024;SN-4043;15000;efectivo
129433445258;09/04/2024;SN-4043;15000;efectivo
129533445377;04/05/2024;SN-4043;15000;efectivo
139533445496;03/06/2024;SN-4043;15000;efectivo
149533446615;01/07/2024;SN-4043;20000;efectivo
149533446735;02/08/2024;SN-4043;20000;efectivo
149533446855;03/09/2024;SN-4043;20000;efectivo
169533546974;05/10/2024;SN-4043;20000;efectivo
189533547093;02/11/2024;SN-4043;20000;efectivo
199533547173;03/12/2024;SN-4043;20000;efectivo
107433442903;05/01/2024;SN-4044;15000;efectivo
117433443022;06/02/2024;SN-4044;15000;efectivo
127433444141;03/03/2024;SN-4044;15000;efectivo
129433445260;09/04/2024;SN-4044;15000;efectivo
129533445379;04/05/2024;SN-4044;15000;efectivo
139533445498;03/06/2024;SN-4044;15000;efectivo
149533446617;01/07/2024;SN-4044;20000;efectivo
149533446737;02/08/2024;SN-4044;20000;efectivo
149533446857;03/09/2024;SN-4044;20000;efectivo
169533546976;05/10/2024;SN-4044;20000;efectivo
189533547095;02/11/2024;SN-4044;20000;efectivo
199533547175;03/12/2024;SN-4044;20000;efectivo
107433442879;05/01/2024;SN-4045;15000;efectivo
117433442998;06/02/2024;SN-4045;15000;efectivo
127433444117;03/03/2024;SN-4045;15000;efectivo
129433445236;09/04/2024;SN-4045;15000;efectivo
129533445355;04/05/2024;SN-4045;15000;efectivo
139533445474;03/06/2024;SN-4045;15000;efectivo
149533446593;01/07/2024;SN-4045;20000;efectivo
149533446713;02/08/2024;SN-4045;20000;efectivo
149533446833;03/09/2024;SN-4045;20000;efectivo
169533546952;05/10/2024;SN-4045;20000;efectivo
189533547071;02/11/2024;SN-4045;20000;efectivo
199533547151;03/12/2024;SN-4045;20000;efectivo
107433442792;05/01/2024;SN-4046;15000;efectivo
117433442911;06/02/2024;SN-4046;15000;efectivo
127433444030;03/03/2024;SN-4046;15000;efectivo
129433445149;09/04/2024;SN-4046;15000;efectivo
129533445268;04/05/2024;SN-4046;15000;efectivo
139533445387;03/06/2024;SN-4046;15000;efectivo
149533446506;01/07/2024;SN-4046;20000;efectivo
149533446626;02/08/2024;SN-4046;20000;efectivo
149533446746;03/09/2024;SN-4046;20000;efectivo
169533546865;05/10/2024;SN-4046;20000;efectivo
189533546984;02/11/2024;SN-4046;20000;efectivo
199533547064;03/12/2024;SN-4046;20000;efectivo
107433442830;05/01/2024;SN-4047;15000;efectivo
117433442949;06/02/2024;SN-4047;15000;efectivo
127433444068;03/03/2024;SN-4047;15000;efectivo
129433445187;09/04/2024;SN-4047;15000;efectivo
129533445306;04/05/2024;SN-4047;15000;efectivo
139533445425;03/06/2024;SN-4047;15000;efectivo
149533446544;01/07/2024;SN-4047;20000;efectivo
149533446664;02/08/2024;SN-4047;20000;efectivo
149533446784;13/09/2024;SN-4047;22000;efectivo
169533546903;15/10/2024;SN-4047;22000;efectivo
189533547022;22/11/2024;SN-4047;22000;efectivo
199533547102;13/12/2024;SN-4047;22000;efectivo
107433442849;05/01/2024;SN-4048;15000;efectivo
117433442968;06/02/2024;SN-4048;15000;efectivo
127433444087;03/03/2024;SN-4048;15000;efectivo
129433445206;09/04/2024;SN-4048;15000;efectivo
129533445325;04/05/2024;SN-4048;15000;efectivo
139533445444;03/06/2024;SN-4048;15000;efectivo
149533446563;01/07/2024;SN-4048;20000;efectivo
149533446683;02/08/2024;SN-4048;20000;efectivo
149533446803;03/09/2024;SN-4048;20000;efectivo
169533546922;05/10/2024;SN-4048;20000;efectivo
189533547041;02/11/2024;SN-4048;20000;efectivo
199533547121;03/12/2024;SN-4048;20000;efectivo
107433442826;05/01/2024;SN-4049;15000;efectivo
117433442945;06/02/2024;SN-4049;15000;efectivo
127433444064;03/03/2024;SN-4049;15000;efectivo
129433445183;09/04/2024;SN-4049;15000;efectivo
129533445302;04/05/2024;SN-4049;15000;efectivo
139533445421;03/06/2024;SN-4049;15000;efectivo
149533446540;01/07/2024;SN-4049;20000;efectivo
149533446660;02/08/2024;SN-4049;20000;efectivo
149533446780;03/09/2024;SN-4049;20000;efectivo
169533546899;05/10/2024;SN-4049;20000;efectivo
189533547018;02/11/2024;SN-4049;20000;efectivo
199533547098;03/12/2024;SN-4049;20000;efectivo
107433442841;05/01/2024;SN-4050;15000;efectivo
117433442960;06/02/2024;SN-4050;15000;efectivo
127433444079;03/03/2024;SN-4050;15000;efectivo
129433445198;09/04/2024;SN-4050;15000;efectivo
129533445317;04/05/2024;SN-4050;15000;efectivo
139533445436;03/06/2024;SN-4050;15000;efectivo
149533446555;01/07/2024;SN-4050;20000;efectivo
149533446675;02/08/2024;SN-4050;20000;efectivo
149533446795;03/09/2024;SN-4050;20000;efectivo
169533546914;05/10/2024;SN-4050;20000;efectivo
189533547033;02/11/2024;SN-4050;20000;efectivo
199533547113;03/12/2024;SN-4050;20000;efectivo
107433442854;05/01/2024;SN-4051;15000;efectivo
117433442973;06/02/2024;SN-4051;15000;efectivo
127433444092;03/03/2024;SN-4051;15000;efectivo
129433445211;09/04/2024;SN-4051;15000;efectivo
129533445330;04/05/2024;SN-4051;15000;efectivo
139533445449;03/06/2024;SN-4051;15000;efectivo
149533446568;01/07/2024;SN-4051;20000;efectivo
149533446688;02/08/2024;SN-4051;20000;efectivo
149533446808;03/09/2024;SN-4051;20000;efectivo
169533546927;05/10/2024;SN-4051;20000;efectivo
189533547046;02/11/2024;SN-4051;20000;efectivo
199533547126;03/12/2024;SN-4051;20000;efectivo
107433442813;05/01/2024;SN-4052;15000;efectivo
117433442932;06/02/2024;SN-4052;15000;efectivo
127433444051;03/03/2024;SN-4052;15000;efectivo
129433445170;09/04/2024;SN-4052;15000;efectivo
129533445289;04/05/2024;SN-4052;15000;efectivo
139533445408;03/06/2024;SN-4052;15000;efectivo
149533446527;01/07/2024;SN-4052;20000;efectivo
149533446647;02/08/2024;SN-4052;20000;efectivo
149533446767;03/09/2024;SN-4052;20000;efectivo
169533546886;05/10/2024;SN-4052;20000;efectivo
189533547005;02/11/2024;SN-4052;20000;efectivo
199533547085;03/12/2024;SN-4052;20000;efectivo
107433442886;05/01/2024;SN-4053;15000;efectivo
117433443005;06/02/2024;SN-4053;15000;efectivo
127433444124;03/03/2024;SN-4053;15000;efectivo
129433445243;09/04/2024;SN-4053;15000;efectivo
129533445362;04/05/2024;SN-4053;15000;efectivo
139533445481;03/06/2024;SN-4053;15000;efectivo
149533446600;01/07/2024;SN-4053;20000;efectivo
149533446720;02/08/2024;SN-4053;20000;efectivo
149533446840;03/09/2024;SN-4053;20000;efectivo
169533546959;05/10/2024;SN-4053;20000;efectivo
189533547078;02/11/2024;SN-4053;20000;efectivo
199533547158;03/12/2024;SN-4053;20000;efectivo
107433442847;05/01/2024;SN-4054;15000;efectivo
117433442966;06/02/2024;SN-4054;15000;efectivo
127433444085;03/03/2024;SN-4054;15000;efectivo
129433445204;09/04/2024;SN-4054;15000;efectivo
129533445323;04/05/2024;SN-4054;15000;efectivo
139533445442;03/06/2024;SN-4054;15000;efectivo
149533446561;01/07/2024;SN-4054;20000;efectivo
149533446681;02/08/2024;SN-4054;20000;efectivo
149533446801;03/09/2024;SN-4054;20000;efectivo
169533546920;05/10/2024;SN-4054;20000;efectivo
189533547039;02/11/2024;SN-4054;20000;efectivo
199533547119;03/12/2024;SN-4054;20000;efectivo
107433442789;05/01/2024;SN-4055;15000;efectivo
117433442908;06/02/2024;SN-4055;15000;efectivo
127433444027;03/03/2024;SN-4055;15000;efectivo
129433445146;09/04/2024;SN-4055;15000;efectivo
129533445265;04/05/2024;SN-4055;15000;efectivo
139533445384;03/06/2024;SN-4055;15000;efectivo
149533446503;01/07/2024;SN-4055;20000;efectivo
149533446623;02/08/2024;SN-4055;20000;efectivo
149533446743;03/09/2024;SN-4055;20000;efectivo
169533546862;05/10/2024;SN-4055;20000;efectivo
189533546981;02/11/2024;SN-4055;20000;efectivo
199533547061;03/12/2024;SN-4055;20000;efectivo
107433442876;05/01/2024;SN-4056;15000;efectivo
117433442995;06/02/2024;SN-4056;15000;efectivo
127433444114;03/03/2024;SN-4056;15000;efectivo
129433445233;09/04/2024;SN-4056;15000;efectivo
129533445352;04/05/2024;SN-4056;15000;efectivo
139533445471;03/06/2024;SN-4056;15000;efectivo
149533446590;01/07/2024;SN-4056;20000;efectivo
149533446710;02/08/2024;SN-4056;20000;efectivo
149533446830;03/09/2024;SN-4056;20000;efectivo
169533546949;05/10/2024;SN-4056;20000;efectivo
189533547068;02/11/2024;SN-4056;20000;efectivo
199533547148;03/12/2024;SN-4056;20000;efectivo
107433442891;05/01/2024;SN-4057;15000;efectivo
117433443010;06/02/2024;SN-4057;15000;efectivo
127433444129;03/03/2024;SN-4057;15000;efectivo
129433445248;09/04/2024;SN-4057;15000;efectivo
129533445367;04/05/2024;SN-4057;15000;efectivo
139533445486;03/06/2024;SN-4057;15000;efectivo
149533446605;01/07/2024;SN-4057;20000;efectivo
149533446725;02/08/2024;SN-4057;20000;efectivo
149533446845;03/09/2024;SN-4057;20000;efectivo
169533546964;05/10/2024;SN-4057;20000;efectivo
189533547083;02/11/2024;SN-4057;20000;efectivo
199533547163;03/12/2024;SN-4057;20000;efectivo
107433442805;05/01/2024;SN-4058;15000;efectivo
117433442924;06/02/2024;SN-4058;15000;efectivo
127433444043;03/03/2024;SN-4058;15000;efectivo
129433445162;09/04/2024;SN-4058;15000;efectivo
129533445281;04/05/2024;SN-4058;15000;efectivo
139533445400;03/06/2024;SN-4058;15000;efectivo
149533446519;01/07/2024;SN-4058;20000;efectivo
149533446639;02/08/2024;SN-4058;20000;efectivo
149533446759;03/09/2024;SN-4058;20000;efectivo
169533546878;05/10/2024;SN-4058;20000;efectivo
189533546997;02/11/2024;SN-4058;20000;efectivo
199533547077;03/12/2024;SN-4058;20000;efectivo
107433442870;05/01/2024;SN-4059;15000;efectivo
117433442989;06/02/2024;SN-4059;15000;efectivo
127433444108;03/03/2024;SN-4059;15000;efectivo
129433445227;09/04/2024;SN-4059;15000;efectivo
129533445346;04/05/2024;SN-4059;15000;efectivo
139533445465;03/06/2024;SN-4059;15000;efectivo
149533446584;01/07/2024;SN-4059;20000;efectivo
149533446704;02/08/2024;SN-4059;20000;efectivo
149533446824;13/09/2024;SN-4059;22000;efectivo
169533546943;15/10/2024;SN-4059;22000;efectivo
189533547062;22/11/2024;SN-4059;22000;efectivo
199533547142;13/12/2024;SN-4059;22000;efectivo
107433442853;05/01/2024;SN-4060;15000;efectivo
117433442972;06/02/2024;SN-4060;15000;efectivo
127433444091;03/03/2024;SN-4060;15000;efectivo
129433445210;09/04/2024;SN-4060;15000;efectivo
129533445329;04/05/2024;SN-4060;15000;efectivo
139533445448;03/06/2024;SN-4060;15000;efectivo
149533446567;01/07/2024;SN-4060;20000;efectivo
149533446687;02/08/2024;SN-4060;20000;efectivo
149533446807;03/09/2024;SN-4060;20000;efectivo
169533546926;05/10/2024;SN-4060;20000;efectivo
189533547045;02/11/2024;SN-4060;20000;efectivo
199533547125;03/12/2024;SN-4060;20000;efectivo
107433442855;05/01/2024;SN-4061;15000;efectivo
117433442974;06/02/2024;SN-4061;15000;efectivo
127433444093;03/03/2024;SN-4061;15000;efectivo
129433445212;09/04/2024;SN-4061;15000;efectivo
129533445331;04/05/2024;SN-4061;15000;efectivo
139533445450;03/06/2024;SN-4061;15000;efectivo
149533446569;01/07/2024;SN-4061;20000;efectivo
149533446689;02/08/2024;SN-4061;20000;efectivo
149533446809;03/09/2024;SN-4061;20000;efectivo
169533546928;05/10/2024;SN-4061;20000;efectivo
189533547047;02/11/2024;SN-4061;20000;efectivo
199533547127;03/12/2024;SN-4061;20000;efectivo
107433442856;05/01/2024;SN-4062;15000;efectivo
117433442975;06/02/2024;SN-4062;15000;efectivo
127433444094;03/03/2024;SN-4062;15000;efectivo
129433445213;09/04/2024;SN-4062;15000;efectivo
129533445332;04/05/2024;SN-4062;15000;efectivo
139533445451;03/06/2024;SN-4062;15000;efectivo
149533446570;01/07/2024;SN-4062;20000;efectivo
149533446690;02/08/2024;SN-4062;20000;efectivo
149533446810;03/09/2024;SN-4062;20000;efectivo
169533546929;05/10/2024;SN-4062;20000;efectivo
189533547048;02/11/2024;SN-4062;20000;efectivo
199533547128;03/12/2024;SN-4062;20000;efectivo
107433442859;05/01/2024;SN-4063;15000;efectivo
117433442978;06/02/2024;SN-4063;15000;efectivo
127433444097;03/03/2024;SN-4063;15000;efectivo
129433445216;09/04/2024;SN-4063;15000;efectivo
129533445335;04/05/2024;SN-4063;15000;efectivo
139533445454;03/06/2024;SN-4063;15000;efectivo
149533446573;01/07/2024;SN-4063;20000;efectivo
149533446693;02/08/2024;SN-4063;20000;efectivo
149533446813;03/09/2024;SN-4063;20000;efectivo
169533546932;05/10/2024;SN-4063;20000;efectivo
189533547051;02/11/2024;SN-4063;20000;efectivo
199533547131;03/12/2024;SN-4063;20000;efectivo
107433442896;05/01/2024;SN-4064;15000;efectivo
117433443015;06/02/2024;SN-4064;15000;efectivo
127433444134;03/03/2024;SN-4064;15000;efectivo
129433445253;09/04/2024;SN-4064;15000;efectivo
129533445372;04/05/2024;SN-4064;15000;efectivo
139533445491;03/06/2024;SN-4064;15000;efectivo
149533446610;01/07/2024;SN-4064;20000;efectivo
149533446730;02/08/2024;SN-4064;20000;efectivo
149533446850;03/09/2024;SN-4064;20000;efectivo
169533546969;05/10/2024;SN-4064;20000;efectivo
189533547088;02/11/2024;SN-4064;20000;efectivo
199533547168;03/12/2024;SN-4064;20000;efectivo
107433442791;05/01/2024;SN-4065;15000;efectivo
117433442910;06/02/2024;SN-4065;15000;efectivo
127433444029;03/03/2024;SN-4065;15000;efectivo
129433445148;09/04/2024;SN-4065;15000;efectivo
129533445267;04/05/2024;SN-4065;15000;efectivo
139533445386;03/06/2024;SN-4065;15000;efectivo
149533446505;01/07/2024;SN-4065;20000;efectivo
149533446625;02/08/2024;SN-4065;20000;efectivo
149533446745;03/09/2024;SN-4065;20000;efectivo
169533546864;05/10/2024;SN-4065;20000;efectivo
189533546983;02/11/2024;SN-4065;20000;efectivo
199533547063;03/12/2024;SN-4065;20000;efectivo
107433442816;05/01/2024;SN-4066;15000;efectivo
117433442935;06/02/2024;SN-4066;15000;efectivo
127433444054;03/03/2024;SN-4066;15000;efectivo
129433445173;09/04/2024;SN-4066;15000;efectivo
129533445292;04/05/2024;SN-4066;15000;efectivo
139533445411;03/06/2024;SN-4066;15000;efectivo
149533446530;01/07/2024;SN-4066;20000;efectivo
149533446650;02/08/2024;SN-4066;20000;efectivo
149533446770;03/09/2024;SN-4066;20000;efectivo
169533546889;05/10/2024;SN-4066;20000;efectivo
189533547008;02/11/2024;SN-4066;20000;efectivo
199533547088;03/12/2024;SN-4066;20000;efectivo
107433442880;05/01/2024;SN-4067;15000;efectivo
117433442999;06/02/2024;SN-4067;15000;efectivo
127433444118;03/03/2024;SN-4067;15000;efectivo
129433445237;09/04/2024;SN-4067;15000;efectivo
129533445356;04/05/2024;SN-4067;15000;efectivo
139533445475;03/06/2024;SN-4067;15000;efectivo
149533446594;01/07/2024;SN-4067;20000;efectivo
149533446714;02/08/2024;SN-4067;20000;efectivo
149533446834;13/09/2024;SN-4067;22000;efectivo
169533546953;15/10/2024;SN-4067;22000;efectivo
189533547072;22/11/2024;SN-4067;22000;efectivo
199533547152;13/12/2024;SN-4067;22000;efectivo
107433442883;05/01/2024;SN-4068;15000;efectivo
117433443002;06/02/2024;SN-4068;15000;efectivo
127433444121;03/03/2024;SN-4068;15000;efectivo
129433445240;09/04/2024;SN-4068;15000;efectivo
129533445359;04/05/2024;SN-4068;15000;efectivo
139533445478;03/06/2024;SN-4068;15000;efectivo
149533446597;01/07/2024;SN-4068;20000;efectivo
149533446717;02/08/2024;SN-4068;20000;efectivo
149533446837;03/09/2024;SN-4068;20000;efectivo
169533546956;05/10/2024;SN-4068;20000;efectivo
189533547075;02/11/2024;SN-4068;20000;efectivo
199533547155;03/12/2024;SN-4068;20000;efectivo
107433442888;05/01/2024;SN-4069;15000;efectivo
117433443007;06/02/2024;SN-4069;15000;efectivo
127433444126;03/03/2024;SN-4069;15000;efectivo
129433445245;09/04/2024;SN-4069;15000;efectivo
129533445364;04/05/2024;SN-4069;15000;efectivo
139533445483;03/06/2024;SN-4069;15000;efectivo
149533446602;01/07/2024;SN-4069;20000;efectivo
149533446722;02/08/2024;SN-4069;20000;efectivo
149533446842;03/09/2024;SN-4069;20000;efectivo
169533546961;05/10/2024;SN-4069;20000;efectivo
189533547080;02/11/2024;SN-4069;20000;efectivo
199533547160;03/12/2024;SN-4069;20000;efectivo
107433442818;05/01/2024;SN-4070;15000;efectivo
117433442937;06/02/2024;SN-4070;15000;efectivo
127433444056;03/03/2024;SN-4070;15000;efectivo
129433445175;09/04/2024;SN-4070;15000;efectivo
129533445294;04/05/2024;SN-4070;15000;efectivo
139533445413;03/06/2024;SN-4070;15000;efectivo
149533446532;01/07/2024;SN-4070;20000;efectivo
149533446652;02/08/2024;SN-4070;20000;efectivo
149533446772;03/09/2024;SN-4070;20000;efectivo
169533546891;05/10/2024;SN-4070;20000;efectivo
189533547010;02/11/2024;SN-4070;20000;efectivo
199533547090;03/12/2024;SN-4070;20000;efectivo
107433442822;05/01/2024;SN-4071;15000;efectivo
117433442941;06/02/2024;SN-4071;15000;efectivo
127433444060;03/03/2024;SN-4071;15000;efectivo
129433445179;09/04/2024;SN-4071;15000;efectivo
129533445298;04/05/2024;SN-4071;15000;efectivo
139533445417;03/06/2024;SN-4071;15000;efectivo
149533446536;01/07/2024;SN-4071;20000;efectivo
149533446656;02/08/2024;SN-4071;20000;efectivo
149533446776;03/09/2024;SN-4071;20000;efectivo
169533546895;05/10/2024;SN-4071;20000;efectivo
189533547014;02/11/2024;SN-4071;20000;efectivo
199533547094;03/12/2024;SN-4071;20000;efectivo
107433442844;05/01/2024;SN-4072;15000;efectivo
117433442963;06/02/2024;SN-4072;15000;efectivo
127433444082;03/03/2024;SN-4072;15000;efectivo
129433445201;09/04/2024;SN-4072;15000;efectivo
129533445320;04/05/2024;SN-4072;15000;efectivo
139533445439;03/06/2024;SN-4072;15000;efectivo
149533446558;01/07/2024;SN-4072;20000;efectivo
149533446678;02/08/2024;SN-4072;20000;efectivo
149533446798;13/09/2024;SN-4072;22000;efectivo
169533546917;15/10/2024;SN-4072;22000;efectivo
189533547036;22/11/2024;SN-4072;22000;efectivo
199533547116;13/12/2024;SN-4072;22000;efectivo
107433442871;05/01/2024;SN-4073;15000;efectivo
117433442990;06/02/2024;SN-4073;15000;efectivo
127433444109;03/03/2024;SN-4073;15000;efectivo
129433445228;09/04/2024;SN-4073;15000;efectivo
129533445347;04/05/2024;SN-4073;15000;efectivo
139533445466;03/06/2024;SN-4073;15000;efectivo
149533446585;01/07/2024;SN-4073;20000;efectivo
149533446705;02/08/2024;SN-4073;20000;efectivo
149533446825;03/09/2024;SN-4073;20000;efectivo
169533546944;05/10/2024;SN-4073;20000;efectivo
189533547063;02/11/2024;SN-4073;20000;efectivo
199533547143;03/12/2024;SN-4073;20000;efectivo
107433442858;05/01/2024;SN-4074;15000;efectivo
117433442977;06/02/2024;SN-4074;15000;efectivo
127433444096;03/03/2024;SN-4074;15000;efectivo
129433445215;09/04/2024;SN-4074;15000;efectivo
129533445334;04/05/2024;SN-4074;15000;efectivo
139533445453;03/06/2024;SN-4074;15000;efectivo
149533446572;01/07/2024;SN-4074;20000;efectivo
149533446692;02/08/2024;SN-4074;20000;efectivo
149533446812;03/09/2024;SN-4074;20000;efectivo
169533546931;05/10/2024;SN-4074;20000;efectivo
189533547050;02/11/2024;SN-4074;20000;efectivo
199533547130;03/12/2024;SN-4074;20000;efectivo
107433442850;05/01/2024;SN-4075;15000;efectivo
117433442969;06/02/2024;SN-4075;15000;efectivo
127433444088;03/03/2024;SN-4075;15000;efectivo
129433445207;09/04/2024;SN-4075;15000;efectivo
129533445326;04/05/2024;SN-4075;15000;efectivo
139533445445;03/06/2024;SN-4075;15000;efectivo
149533446564;01/07/2024;SN-4075;20000;efectivo
149533446684;02/08/2024;SN-4075;20000;efectivo
149533446804;13/09/2024;SN-4075;22000;efectivo
169533546923;15/10/2024;SN-4075;22000;efectivo
189533547042;22/11/2024;SN-4075;22000;efectivo
199533547122;13/12/2024;SN-4075;22000;efectivo
107433442851;05/01/2024;SN-4076;15000;efectivo
117433442970;06/02/2024;SN-4076;15000;efectivo
127433444089;03/03/2024;SN-4076;15000;efectivo
129433445208;09/04/2024;SN-4076;15000;efectivo
129533445327;04/05/2024;SN-4076;15000;efectivo
139533445446;03/06/2024;SN-4076;15000;efectivo
149533446565;01/07/2024;SN-4076;20000;efectivo
149533446685;02/08/2024;SN-4076;20000;efectivo
149533446805;03/09/2024;SN-4076;20000;efectivo
169533546924;05/10/2024;SN-4076;20000;efectivo
189533547043;02/11/2024;SN-4076;20000;efectivo
199533547123;03/12/2024;SN-4076;20000;efectivo
107433442857;05/01/2024;SN-4077;15000;efectivo
117433442976;06/02/2024;SN-4077;15000;efectivo
127433444095;03/03/2024;SN-4077;15000;efectivo
129433445214;09/04/2024;SN-4077;15000;efectivo
129533445333;04/05/2024;SN-4077;15000;efectivo
139533445452;03/06/2024;SN-4077;15000;efectivo
149533446571;01/07/2024;SN-4077;20000;efectivo
149533446691;02/08/2024;SN-4077;20000;efectivo
149533446811;03/09/2024;SN-4077;20000;efectivo
169533546930;05/10/2024;SN-4077;20000;efectivo
189533547049;02/11/2024;SN-4077;20000;efectivo
199533547129;03/12/2024;SN-4077;20000;efectivo
107433442868;05/01/2024;SN-4078;15000;efectivo
117433442987;06/02/2024;SN-4078;15000;efectivo
127433444106;03/03/2024;SN-4078;15000;efectivo
129433445225;09/04/2024;SN-4078;15000;efectivo
129533445344;04/05/2024;SN-4078;15000;efectivo
139533445463;03/06/2024;SN-4078;15000;efectivo
149533446582;01/07/2024;SN-4078;20000;efectivo
149533446702;02/08/2024;SN-4078;20000;efectivo
149533446822;13/09/2024;SN-4078;22000;efectivo
169533546941;15/10/2024;SN-4078;22000;efectivo
189533547060;22/11/2024;SN-4078;22000;efectivo
199533547140;13/12/2024;SN-4078;22000;efectivo
107433442877;05/01/2024;SN-4079;15000;efectivo
117433442996;06/02/2024;SN-4079;15000;efectivo
127433444115;03/03/2024;SN-4079;15000;efectivo
129433445234;09/04/2024;SN-4079;15000;efectivo
129533445353;04/05/2024;SN-4079;15000;efectivo
139533445472;03/06/2024;SN-4079;15000;efectivo
149533446591;01/07/2024;SN-4079;20000;efectivo
149533446711;02/08/2024;SN-4079;20000;efectivo
149533446831;03/09/2024;SN-4079;20000;efectivo
169533546950;05/10/2024;SN-4079;20000;efectivo
189533547069;02/11/2024;SN-4079;20000;efectivo
199533547149;03/12/2024;SN-4079;20000;efectivo
107433442872;05/01/2024;SN-4080;15000;efectivo
117433442991;06/02/2024;SN-4080;15000;efectivo
127433444110;03/03/2024;SN-4080;15000;efectivo
129433445229;09/04/2024;SN-4080;15000;efectivo
129533445348;04/05/2024;SN-4080;15000;efectivo
139533445467;03/06/2024;SN-4080;15000;efectivo
149533446586;01/07/2024;SN-4080;20000;efectivo
149533446706;02/08/2024;SN-4080;20000;efectivo
149533446826;03/09/2024;SN-4080;20000;efectivo
169533546945;05/10/2024;SN-4080;20000;efectivo
189533547064;02/11/2024;SN-4080;20000;efectivo
199533547144;03/12/2024;SN-4080;20000;efectivo
107433442878;05/01/2024;SN-4081;15000;efectivo
117433442997;06/02/2024;SN-4081;15000;efectivo
127433444116;03/03/2024;SN-4081;15000;efectivo
129433445235;09/04/2024;SN-4081;15000;efectivo
129533445354;04/05/2024;SN-4081;15000;efectivo
139533445473;03/06/2024;SN-4081;15000;efectivo
149533446592;01/07/2024;SN-4081;20000;efectivo
149533446712;02/08/2024;SN-4081;20000;efectivo
149533446832;03/09/2024;SN-4081;20000;efectivo
169533546951;05/10/2024;SN-4081;20000;efectivo
189533547070;02/11/2024;SN-4081;20000;efectivo
199533547150;03/12/2024;SN-4081;20000;efectivo
107433442892;05/01/2024;SN-4082;15000;efectivo
117433443011;06/02/2024;SN-4082;15000;efectivo
127433444130;03/03/2024;SN-4082;15000;efectivo
129433445249;09/04/2024;SN-4082;15000;efectivo
129533445368;04/05/2024;SN-4082;15000;efectivo
139533445487;03/06/2024;SN-4082;15000;efectivo
149533446606;01/07/2024;SN-4082;20000;efectivo
149533446726;02/08/2024;SN-4082;20000;efectivo
149533446846;03/09/2024;SN-4082;20000;efectivo
169533546965;05/10/2024;SN-4082;20000;efectivo
189533547084;02/11/2024;SN-4082;20000;efectivo
199533547164;03/12/2024;SN-4082;20000;efectivo
107433442893;05/01/2024;SN-4083;15000;efectivo
117433443012;06/02/2024;SN-4083;15000;efectivo
127433444131;03/03/2024;SN-4083;15000;efectivo
129433445250;09/04/2024;SN-4083;15000;efectivo
129533445369;04/05/2024;SN-4083;15000;efectivo
139533445488;03/06/2024;SN-4083;15000;efectivo
149533446607;01/07/2024;SN-4083;20000;efectivo
149533446727;02/08/2024;SN-4083;20000;efectivo
149533446847;03/09/2024;SN-4083;20000;efectivo
169533546966;05/10/2024;SN-4083;20000;efectivo
189533547085;02/11/2024;SN-4083;20000;efectivo
199533547165;03/12/2024;SN-4083;20000;efectivo
107433442894;05/01/2024;SN-4084;15000;efectivo
117433443013;06/02/2024;SN-4084;15000;efectivo
127433444132;03/03/2024;SN-4084;15000;efectivo
129433445251;09/04/2024;SN-4084;15000;efectivo
129533445370;04/05/2024;SN-4084;15000;efectivo
139533445489;03/06/2024;SN-4084;15000;efectivo
149533446608;01/07/2024;SN-4084;20000;efectivo
149533446728;02/08/2024;SN-4084;20000;efectivo
149533446848;03/09/2024;SN-4084;20000;efectivo
169533546967;05/10/2024;SN-4084;20000;efectivo
189533547086;02/11/2024;SN-4084;20000;efectivo
199533547166;03/12/2024;SN-4084;20000;efectivo
107433442895;05/01/2024;SN-4085;15000;efectivo
117433443014;06/02/2024;SN-4085;15000;efectivo
127433444133;03/03/2024;SN-4085;15000;efectivo
129433445252;09/04/2024;SN-4085;15000;efectivo
129533445371;04/05/2024;SN-4085;15000;efectivo
139533445490;03/06/2024;SN-4085;15000;efectivo
149533446609;01/07/2024;SN-4085;20000;efectivo
149533446729;02/08/2024;SN-4085;20000;efectivo
149533446849;03/09/2024;SN-4085;20000;efectivo
169533546968;05/10/2024;SN-4085;20000;efectivo
189533547087;02/11/2024;SN-4085;20000;efectivo
199533547167;03/12/2024;SN-4085;20000;efectivo
107433442897;05/01/2024;SN-4086;15000;efectivo
117433443016;06/02/2024;SN-4086;15000;efectivo
127433444135;03/03/2024;SN-4086;15000;efectivo
129433445254;09/04/2024;SN-4086;15000;efectivo
129533445373;04/05/2024;SN-4086;15000;efectivo
139533445492;03/06/2024;SN-4086;15000;efectivo
149533446611;01/07/2024;SN-4086;20000;efectivo
149533446731;02/08/2024;SN-4086;20000;efectivo
149533446851;03/09/2024;SN-4086;20000;efectivo
169533546970;05/10/2024;SN-4086;20000;efectivo
189533547089;02/11/2024;SN-4086;20000;efectivo
199533547169;03/12/2024;SN-4086;20000;efectivo
107433442898;05/01/2024;SN-4087;15000;efectivo
117433443017;06/02/2024;SN-4087;15000;efectivo
127433444136;03/03/2024;SN-4087;15000;efectivo
129433445255;09/04/2024;SN-4087;15000;efectivo
129533445374;04/05/2024;SN-4087;15000;efectivo
139533445493;03/06/2024;SN-4087;15000;efectivo
149533446612;01/07/2024;SN-4087;20000;efectivo
149533446732;02/08/2024;SN-4087;20000;efectivo
149533446852;03/09/2024;SN-4087;20000;efectivo
169533546971;05/10/2024;SN-4087;20000;efectivo
189533547090;02/11/2024;SN-4087;20000;efectivo
199533547170;03/12/2024;SN-4087;20000;efectivo
107433442904;05/01/2024;SN-4088;15000;efectivo
117433443023;06/02/2024;SN-4088;15000;efectivo
127433444142;03/03/2024;SN-4088;15000;efectivo
129433445261;09/04/2024;SN-4088;15000;efectivo
129533445380;04/05/2024;SN-4088;15000;efectivo
139533445499;03/06/2024;SN-4088;15000;efectivo
149533446618;01/07/2024;SN-4088;20000;efectivo
149533446738;02/08/2024;SN-4088;20000;efectivo
149533446858;03/09/2024;SN-4088;20000;efectivo
169533546977;05/10/2024;SN-4088;20000;efectivo
189533547096;02/11/2024;SN-4088;20000;efectivo
199533547176;03/12/2024;SN-4088;20000;efectivo
107433442793;05/01/2024;SN-4089;15000;efectivo
117433442912;06/02/2024;SN-4089;15000;efectivo
127433444031;03/03/2024;SN-4089;15000;efectivo
129433445150;09/04/2024;SN-4089;15000;efectivo
129533445269;04/05/2024;SN-4089;15000;efectivo
139533445388;03/06/2024;SN-4089;15000;efectivo
149533446507;01/07/2024;SN-4089;20000;efectivo
149533446627;02/08/2024;SN-4089;20000;efectivo
149533446747;03/09/2024;SN-4089;20000;efectivo
169533546866;05/10/2024;SN-4089;20000;efectivo
189533546985;02/11/2024;SN-4089;20000;efectivo
199533547065;03/12/2024;SN-4089;20000;efectivo
107433442795;05/01/2024;SN-4090;15000;efectivo
117433442914;06/02/2024;SN-4090;15000;efectivo
127433444033;03/03/2024;SN-4090;15000;efectivo
129433445152;09/04/2024;SN-4090;15000;efectivo
129533445271;04/05/2024;SN-4090;15000;efectivo
139533445390;03/06/2024;SN-4090;15000;efectivo
149533446509;01/07/2024;SN-4090;20000;efectivo
149533446629;02/08/2024;SN-4090;20000;efectivo
149533446749;03/09/2024;SN-4090;20000;efectivo
169533546868;05/10/2024;SN-4090;20000;efectivo
189533546987;02/11/2024;SN-4090;20000;efectivo
199533547067;03/12/2024;SN-4090;20000;efectivo
107433442797;05/01/2024;SN-4091;15000;efectivo
117433442916;06/02/2024;SN-4091;15000;efectivo
127433444035;03/03/2024;SN-4091;15000;efectivo
129433445154;09/04/2024;SN-4091;15000;efectivo
129533445273;04/05/2024;SN-4091;15000;efectivo
139533445392;03/06/2024;SN-4091;15000;efectivo
149533446511;01/07/2024;SN-4091;20000;efectivo
149533446631;02/08/2024;SN-4091;20000;efectivo
149533446751;13/09/2024;SN-4091;22000;efectivo
169533546870;15/10/2024;SN-4091;22000;efectivo
189533546989;22/11/2024;SN-4091;22000;efectivo
199533547069;13/12/2024;SN-4091;22000;efectivo
107433442798;05/01/2024;SN-4092;15000;efectivo
117433442917;06/02/2024;SN-4092;15000;efectivo
127433444036;03/03/2024;SN-4092;15000;efectivo
129433445155;09/04/2024;SN-4092;15000;efectivo
129533445274;04/05/2024;SN-4092;15000;efectivo
139533445393;03/06/2024;SN-4092;15000;efectivo
149533446512;01/07/2024;SN-4092;20000;efectivo
149533446632;02/08/2024;SN-4092;20000;efectivo
149533446752;03/09/2024;SN-4092;20000;efectivo
169533546871;05/10/2024;SN-4092;20000;efectivo
189533546990;02/11/2024;SN-4092;20000;efectivo
199533547070;03/12/2024;SN-4092;20000;efectivo
107433442799;05/01/2024;SN-4093;15000;efectivo
117433442918;06/02/2024;SN-4093;15000;efectivo
127433444037;03/03/2024;SN-4093;15000;efectivo
129433445156;09/04/2024;SN-4093;15000;efectivo
129533445275;04/05/2024;SN-4093;15000;efectivo
139533445394;03/06/2024;SN-4093;15000;efectivo
149533446513;01/07/2024;SN-4093;20000;efectivo
149533446633;02/08/2024;SN-4093;20000;efectivo
149533446753;03/09/2024;SN-4093;20000;efectivo
169533546872;05/10/2024;SN-4093;20000;efectivo
189533546991;02/11/2024;SN-4093;20000;efectivo
199533547071;03/12/2024;SN-4093;20000;efectivo
107433442801;05/01/2024;SN-4094;15000;efectivo
117433442920;06/02/2024;SN-4094;15000;efectivo
127433444039;03/03/2024;SN-4094;15000;efectivo
129433445158;09/04/2024;SN-4094;15000;efectivo
129533445277;04/05/2024;SN-4094;15000;efectivo
139533445396;03/06/2024;SN-4094;15000;efectivo
149533446515;01/07/2024;SN-4094;20000;efectivo
149533446635;02/08/2024;SN-4094;20000;efectivo
149533446755;13/09/2024;SN-4094;22000;efectivo
169533546874;15/10/2024;SN-4094;22000;efectivo
189533546993;22/11/2024;SN-4094;22000;efectivo
199533547073;13/12/2024;SN-4094;22000;efectivo
107433442807;05/01/2024;SN-4095;15000;efectivo
117433442926;06/02/2024;SN-4095;15000;efectivo
127433444045;03/03/2024;SN-4095;15000;efectivo
129433445164;09/04/2024;SN-4095;15000;efectivo
129533445283;04/05/2024;SN-4095;15000;efectivo
139533445402;03/06/2024;SN-4095;15000;efectivo
149533446521;01/07/2024;SN-4095;20000;efectivo
149533446641;02/08/2024;SN-4095;20000;efectivo
149533446761;03/09/2024;SN-4095;20000;efectivo
169533546880;05/10/2024;SN-4095;20000;efectivo
189533546999;02/11/2024;SN-4095;20000;efectivo
199533547079;03/12/2024;SN-4095;20000;efectivo
107433442808;05/01/2024;SN-4096;15000;efectivo
117433442927;06/02/2024;SN-4096;15000;efectivo
127433444046;03/03/2024;SN-4096;15000;efectivo
129433445165;09/04/2024;SN-4096;15000;efectivo
129533445284;04/05/2024;SN-4096;15000;efectivo
139533445403;03/06/2024;SN-4096;15000;efectivo
149533446522;01/07/2024;SN-4096;20000;efectivo
149533446642;02/08/2024;SN-4096;20000;efectivo
149533446762;13/09/2024;SN-4096;22000;efectivo
169533546881;15/10/2024;SN-4096;22000;efectivo
189533547000;22/11/2024;SN-4096;22000;efectivo
199533547080;13/12/2024;SN-4096;22000;efectivo
107433442809;05/01/2024;SN-4097;15000;efectivo
117433442928;06/02/2024;SN-4097;15000;efectivo
127433444047;03/03/2024;SN-4097;15000;efectivo
129433445166;09/04/2024;SN-4097;15000;efectivo
129533445285;04/05/2024;SN-4097;15000;efectivo
139533445404;03/06/2024;SN-4097;15000;efectivo
149533446523;01/07/2024;SN-4097;20000;efectivo
149533446643;02/08/2024;SN-4097;20000;efectivo
149533446763;03/09/2024;SN-4097;20000;efectivo
169533546882;05/10/2024;SN-4097;20000;efectivo
189533547001;02/11/2024;SN-4097;20000;efectivo
199533547081;03/12/2024;SN-4097;20000;efectivo
107433442812;05/01/2024;SN-4098;15000;efectivo
117433442931;06/02/2024;SN-4098;15000;efectivo
127433444050;03/03/2024;SN-4098;15000;efectivo
129433445169;09/04/2024;SN-4098;15000;efectivo
129533445288;04/05/2024;SN-4098;15000;efectivo
139533445407;03/06/2024;SN-4098;15000;efectivo
149533446526;01/07/2024;SN-4098;20000;efectivo
149533446646;02/08/2024;SN-4098;20000;efectivo
149533446766;03/09/2024;SN-4098;20000;efectivo
169533546885;05/10/2024;SN-4098;20000;efectivo
189533547004;02/11/2024;SN-4098;20000;efectivo
199533547084;03/12/2024;SN-4098;20000;efectivo
107433442815;05/01/2024;SN-4099;15000;efectivo
117433442934;06/02/2024;SN-4099;15000;efectivo
127433444053;03/03/2024;SN-4099;15000;efectivo
129433445172;09/04/2024;SN-4099;15000;efectivo
129533445291;04/05/2024;SN-4099;15000;efectivo
139533445410;03/06/2024;SN-4099;15000;efectivo
149533446529;01/07/2024;SN-4099;20000;efectivo
149533446649;02/08/2024;SN-4099;20000;efectivo
149533446769;13/09/2024;SN-4099;22000;efectivo
169533546888;15/10/2024;SN-4099;22000;efectivo
189533547007;22/11/2024;SN-4099;22000;efectivo
199533547087;13/12/2024;SN-4099;22000;efectivo
107433442817;05/01/2024;SN-4100;15000;efectivo
117433442936;06/02/2024;SN-4100;15000;efectivo
127433444055;03/03/2024;SN-4100;15000;efectivo
129433445174;09/04/2024;SN-4100;15000;efectivo
129533445293;04/05/2024;SN-4100;15000;efectivo
139533445412;03/06/2024;SN-4100;15000;efectivo
149533446531;01/07/2024;SN-4100;20000;efectivo
149533446651;02/08/2024;SN-4100;20000;efectivo
149533446771;03/09/2024;SN-4100;20000;efectivo
169533546890;05/10/2024;SN-4100;20000;efectivo
189533547009;02/11/2024;SN-4100;20000;efectivo
199533547089;03/12/2024;SN-4100;20000;efectivo
107433442824;05/01/2024;SN-4101;15000;efectivo
117433442943;06/02/2024;SN-4101;15000;efectivo
127433444062;03/03/2024;SN-4101;15000;efectivo
129433445181;09/04/2024;SN-4101;15000;efectivo
129533445300;04/05/2024;SN-4101;15000;efectivo
139533445419;03/06/2024;SN-4101;15000;efectivo
149533446538;01/07/2024;SN-4101;20000;efectivo
149533446658;02/08/2024;SN-4101;20000;efectivo
149533446778;03/09/2024;SN-4101;20000;efectivo
169533546897;05/10/2024;SN-4101;20000;efectivo
189533547016;02/11/2024;SN-4101;20000;efectivo
199533547096;03/12/2024;SN-4101;20000;efectivo
107433442828;05/01/2024;SN-4102;15000;efectivo
117433442947;06/02/2024;SN-4102;15000;efectivo
127433444066;03/03/2024;SN-4102;15000;efectivo
129433445185;09/04/2024;SN-4102;15000;efectivo
129533445304;04/05/2024;SN-4102;15000;efectivo
139533445423;03/06/2024;SN-4102;15000;efectivo
149533446542;01/07/2024;SN-4102;20000;efectivo
149533446662;02/08/2024;SN-4102;20000;efectivo
149533446782;03/09/2024;SN-4102;20000;efectivo
169533546901;05/10/2024;SN-4102;20000;efectivo
189533547020;02/11/2024;SN-4102;20000;efectivo
199533547100;03/12/2024;SN-4102;20000;efectivo
107433442829;05/01/2024;SN-4103;15000;efectivo
117433442948;06/02/2024;SN-4103;15000;efectivo
127433444067;03/03/2024;SN-4103;15000;efectivo
129433445186;09/04/2024;SN-4103;15000;efectivo
129533445305;04/05/2024;SN-4103;15000;efectivo
139533445424;03/06/2024;SN-4103;15000;efectivo
149533446543;01/07/2024;SN-4103;20000;efectivo
149533446663;02/08/2024;SN-4103;20000;efectivo
149533446783;03/09/2024;SN-4103;20000;efectivo
169533546902;05/10/2024;SN-4103;20000;efectivo
189533547021;02/11/2024;SN-4103;20000;efectivo
199533547101;03/12/2024;SN-4103;20000;efectivo
107433442831;05/01/2024;SN-4104;15000;efectivo
117433442950;06/02/2024;SN-4104;15000;efectivo
127433444069;03/03/2024;SN-4104;15000;efectivo
129433445188;09/04/2024;SN-4104;15000;efectivo
129533445307;04/05/2024;SN-4104;15000;efectivo
139533445426;03/06/2024;SN-4104;15000;efectivo
149533446545;01/07/2024;SN-4104;20000;efectivo
149533446665;02/08/2024;SN-4104;20000;efectivo
149533446785;13/09/2024;SN-4104;22000;efectivo
169533546904;15/10/2024;SN-4104;22000;efectivo
189533547023;22/11/2024;SN-4104;22000;efectivo
199533547103;13/12/2024;SN-4104;22000;efectivo
107433442832;05/01/2024;SN-4105;15000;efectivo
117433442951;06/02/2024;SN-4105;15000;efectivo
127433444070;03/03/2024;SN-4105;15000;efectivo
129433445189;09/04/2024;SN-4105;15000;efectivo
129533445308;04/05/2024;SN-4105;15000;efectivo
139533445427;03/06/2024;SN-4105;15000;efectivo
149533446546;01/07/2024;SN-4105;20000;efectivo
149533446666;02/08/2024;SN-4105;20000;efectivo
149533446786;03/09/2024;SN-4105;20000;efectivo
169533546905;05/10/2024;SN-4105;20000;efectivo
189533547024;02/11/2024;SN-4105;20000;efectivo
199533547104;03/12/2024;SN-4105;20000;efectivo
107433442834;05/01/2024;SN-4106;15000;efectivo
117433442953;06/02/2024;SN-4106;15000;efectivo
127433444072;03/03/2024;SN-4106;15000;efectivo
129433445191;09/04/2024;SN-4106;15000;efectivo
129533445310;04/05/2024;SN-4106;15000;efectivo
139533445429;03/06/2024;SN-4106;15000;efectivo
149533446548;01/07/2024;SN-4106;20000;efectivo
149533446668;02/08/2024;SN-4106;20000;efectivo
149533446788;03/09/2024;SN-4106;20000;efectivo
169533546907;05/10/2024;SN-4106;20000;efectivo
189533547026;02/11/2024;SN-4106;20000;efectivo
199533547106;03/12/2024;SN-4106;20000;efectivo
107433442835;05/01/2024;SN-4107;15000;efectivo
117433442954;06/02/2024;SN-4107;15000;efectivo
127433444073;03/03/2024;SN-4107;15000;efectivo
129433445192;09/04/2024;SN-4107;15000;efectivo
129533445311;04/05/2024;SN-4107;15000;efectivo
139533445430;03/06/2024;SN-4107;15000;efectivo
149533446549;01/07/2024;SN-4107;20000;efectivo
149533446669;02/08/2024;SN-4107;20000;efectivo
149533446789;03/09/2024;SN-4107;20000;efectivo
169533546908;05/10/2024;SN-4107;20000;efectivo
189533547027;02/11/2024;SN-4107;20000;efectivo
199533547107;03/12/2024;SN-4107;20000;efectivo
107433442836;05/01/2024;SN-4108;15000;efectivo
117433442955;06/02/2024;SN-4108;15000;efectivo
127433444074;03/03/2024;SN-4108;15000;efectivo
129433445193;09/04/2024;SN-4108;15000;efectivo
129533445312;04/05/2024;SN-4108;15000;efectivo
139533445431;03/06/2024;SN-4108;15000;efectivo
149533446550;01/07/2024;SN-4108;20000;efectivo
149533446670;02/08/2024;SN-4108;20000;efectivo
149533446790;03/09/2024;SN-4108;20000;efectivo
169533546909;05/10/2024;SN-4108;20000;efectivo
189533547028;02/11/2024;SN-4108;20000;efectivo
199533547108;03/12/2024;SN-4108;20000;efectivo
107433442837;05/01/2024;SN-4109;15000;efectivo
117433442956;06/02/2024;SN-4109;15000;efectivo
127433444075;03/03/2024;SN-4109;15000;efectivo
129433445194;09/04/2024;SN-4109;15000;efectivo
129533445313;04/05/2024;SN-4109;15000;efectivo
139533445432;03/06/2024;SN-4109;15000;efectivo
149533446551;01/07/2024;SN-4109;20000;efectivo
149533446671;02/08/2024;SN-4109;20000;efectivo
149533446791;03/09/2024;SN-4109;20000;efectivo
169533546910;05/10/2024;SN-4109;20000;efectivo
189533547029;02/11/2024;SN-4109;20000;efectivo
199533547109;03/12/2024;SN-4109;20000;efectivo
107433442863;05/01/2024;SN-4110;15000;efectivo
117433442982;06/02/2024;SN-4110;15000;efectivo
127433444101;03/03/2024;SN-4110;15000;efectivo
129433445220;09/04/2024;SN-4110;15000;efectivo
129533445339;04/05/2024;SN-4110;15000;efectivo
139533445458;03/06/2024;SN-4110;15000;efectivo
149533446577;01/07/2024;SN-4110;20000;efectivo
149533446697;02/08/2024;SN-4110;20000;efectivo
149533446817;13/09/2024;SN-4110;22000;efectivo
169533546936;15/10/2024;SN-4110;22000;efectivo
189533547055;22/11/2024;SN-4110;22000;efectivo
199533547135;13/12/2024;SN-4110;22000;efectivo
107433442881;05/01/2024;SN-4111;15000;efectivo
117433443000;06/02/2024;SN-4111;15000;efectivo
127433444119;03/03/2024;SN-4111;15000;efectivo
129433445238;09/04/2024;SN-4111;15000;efectivo
129533445357;04/05/2024;SN-4111;15000;efectivo
139533445476;03/06/2024;SN-4111;15000;efectivo
149533446595;01/07/2024;SN-4111;20000;efectivo
149533446715;02/08/2024;SN-4111;20000;efectivo
149533446835;03/09/2024;SN-4111;20000;efectivo
169533546954;05/10/2024;SN-4111;20000;efectivo
189533547073;02/11/2024;SN-4111;20000;efectivo
199533547153;03/12/2024;SN-4111;20000;efectivo
107433442882;05/01/2024;SN-4112;15000;efectivo
117433443001;06/02/2024;SN-4112;15000;efectivo
127433444120;03/03/2024;SN-4112;15000;efectivo
129433445239;09/04/2024;SN-4112;15000;efectivo
129533445358;04/05/2024;SN-4112;15000;efectivo
139533445477;03/06/2024;SN-4112;15000;efectivo
149533446596;01/07/2024;SN-4112;20000;efectivo
149533446716;02/08/2024;SN-4112;20000;efectivo
149533446836;13/09/2024;SN-4112;22000;efectivo
169533546955;15/10/2024;SN-4112;22000;efectivo
189533547074;22/11/2024;SN-4112;22000;efectivo
199533547154;13/12/2024;SN-4112;22000;efectivo
107433442887;05/01/2024;SN-4113;15000;efectivo
117433443006;06/02/2024;SN-4113;15000;efectivo
127433444125;03/03/2024;SN-4113;15000;efectivo
129433445244;09/04/2024;SN-4113;15000;efectivo
129533445363;04/05/2024;SN-4113;15000;efectivo
139533445482;03/06/2024;SN-4113;15000;efectivo
149533446601;01/07/2024;SN-4113;20000;efectivo
149533446721;02/08/2024;SN-4113;20000;efectivo
149533446841;03/09/2024;SN-4113;20000;efectivo
169533546960;05/10/2024;SN-4113;20000;efectivo
189533547079;02/11/2024;SN-4113;20000;efectivo
199533547159;03/12/2024;SN-4113;20000;efectivo
107433442788;05/01/2024;SN-4114;15000;efectivo
117433442907;06/02/2024;SN-4114;15000;efectivo
127433444026;03/03/2024;SN-4114;15000;efectivo
129433445145;09/04/2024;SN-4114;15000;efectivo
129533445264;04/05/2024;SN-4114;15000;efectivo
139533445383;03/06/2024;SN-4114;15000;efectivo
149533446502;01/07/2024;SN-4114;20000;efectivo
149533446622;02/08/2024;SN-4114;20000;efectivo
149533446742;13/09/2024;SN-4114;22000;efectivo
169533546861;15/10/2024;SN-4114;22000;efectivo
189533546980;22/11/2024;SN-4114;22000;efectivo
199533547060;13/12/2024;SN-4114;22000;efectivo
107433442790;05/01/2024;SN-4115;15000;efectivo
117433442909;06/02/2024;SN-4115;15000;efectivo
127433444028;03/03/2024;SN-4115;15000;efectivo
129433445147;09/04/2024;SN-4115;15000;efectivo
129533445266;04/05/2024;SN-4115;15000;efectivo
139533445385;03/06/2024;SN-4115;15000;efectivo
149533446504;01/07/2024;SN-4115;20000;efectivo
149533446624;02/08/2024;SN-4115;20000;efectivo
149533446744;03/09/2024;SN-4115;20000;efectivo
169533546863;05/10/2024;SN-4115;20000;efectivo
189533546982;02/11/2024;SN-4115;20000;efectivo
199533547062;03/12/2024;SN-4115;20000;efectivo
107433442802;05/01/2024;SN-4116;15000;efectivo
117433442921;06/02/2024;SN-4116;15000;efectivo
127433444040;03/03/2024;SN-4116;15000;efectivo
129433445159;09/04/2024;SN-4116;15000;efectivo
129533445278;04/05/2024;SN-4116;15000;efectivo
139533445397;03/06/2024;SN-4116;15000;efectivo
149533446516;01/07/2024;SN-4116;20000;efectivo
149533446636;02/08/2024;SN-4116;20000;efectivo
149533446756;03/09/2024;SN-4116;20000;efectivo
169533546875;05/10/2024;SN-4116;20000;efectivo
189533546994;02/11/2024;SN-4116;20000;efectivo
199533547074;03/12/2024;SN-4116;20000;efectivo
107433442803;05/01/2024;SN-4117;15000;efectivo
117433442922;06/02/2024;SN-4117;15000;efectivo
127433444041;03/03/2024;SN-4117;15000;efectivo
129433445160;09/04/2024;SN-4117;15000;efectivo
129533445279;04/05/2024;SN-4117;15000;efectivo
139533445398;03/06/2024;SN-4117;15000;efectivo
149533446517;01/07/2024;SN-4117;20000;efectivo
149533446637;02/08/2024;SN-4117;20000;efectivo
149533446757;13/09/2024;SN-4117;22000;efectivo
169533546876;15/10/2024;SN-4117;22000;efectivo
189533546995;22/11/2024;SN-4117;22000;efectivo
199533547075;13/12/2024;SN-4117;22000;efectivo
107433442806;05/01/2024;SN-4118;15000;efectivo
117433442925;06/02/2024;SN-4118;15000;efectivo
127433444044;03/03/2024;SN-4118;15000;efectivo
129433445163;09/04/2024;SN-4118;15000;efectivo
129533445282;04/05/2024;SN-4118;15000;efectivo
139533445401;03/06/2024;SN-4118;15000;efectivo
149533446520;01/07/2024;SN-4118;20000;efectivo
149533446640;02/08/2024;SN-4118;20000;efectivo
149533446760;13/09/2024;SN-4118;22000;efectivo
169533546879;15/10/2024;SN-4118;22000;efectivo
189533546998;22/11/2024;SN-4118;22000;efectivo
199533547078;13/12/2024;SN-4118;22000;efectivo
107433442821;05/01/2024;SN-4119;15000;efectivo
117433442940;06/02/2024;SN-4119;15000;efectivo
127433444059;03/03/2024;SN-4119;15000;efectivo
129433445178;09/04/2024;SN-4119;15000;efectivo
129533445297;04/05/2024;SN-4119;15000;efectivo
139533445416;03/06/2024;SN-4119;15000;efectivo
149533446535;01/07/2024;SN-4119;20000;efectivo
149533446655;02/08/2024;SN-4119;20000;efectivo
149533446775;03/09/2024;SN-4119;20000;efectivo
169533546894;05/10/2024;SN-4119;20000;efectivo
189533547013;02/11/2024;SN-4119;20000;efectivo
199533547093;03/12/2024;SN-4119;20000;efectivo
107433442838;05/01/2024;SN-4120;15000;efectivo
117433442957;06/02/2024;SN-4120;15000;efectivo
127433444076;03/03/2024;SN-4120;15000;efectivo
129433445195;09/04/2024;SN-4120;15000;efectivo
129533445314;04/05/2024;SN-4120;15000;efectivo
139533445433;03/06/2024;SN-4120;15000;efectivo
149533446552;01/07/2024;SN-4120;20000;efectivo
149533446672;02/08/2024;SN-4120;20000;efectivo
149533446792;03/09/2024;SN-4120;20000;efectivo
169533546911;05/10/2024;SN-4120;20000;efectivo
189533547030;02/11/2024;SN-4120;20000;efectivo
199533547110;03/12/2024;SN-4120;20000;efectivo
